{
  "obj_scale": {
    "X": [
      3.0699985027313232,
      3.301863670349121,
      3.2683355808258057,
      3.284891128540039,
      3.291604518890381,
      3.122561454772949,
      3.1256563663482666,
      3.1786859035491943,
      3.2935657501220703,
      3.2199883460998535
    ],
    "Y": [
      0.9934428930282593,
      0.9911571741104126,
      0.9909806251525879,
      0.9915704727172852,
      0.9906215667724609,
      0.9925285577774048,
      0.9926824569702148,
      0.9922463893890381,
      0.9902987480163574,
      0.9914165735244751
    ],
    "Z": [
      2.4718143939971924,
      2.5783424377441406,
      2.5522117614746094,
      2.585264205932617,
      2.5446786880493164,
      2.475092887878418,
      2.4614923000335693,
      2.493197441101074,
      2.5484414100646973,
      2.539710283279419
    ]
  },
  "length": {
    "X": [
      25.935689695861186,
      27.549591648516312,
      25.935689695861186,
      25.935689695861186,
      27.549591648516312,
      25.935689695861186,
      69.43291726551608,
      25.935689695861186,
      27.549591648516312,
      27.549591648516312
    ],
    "Y": [
      8.44811151301431,
      8.343649041573958,
      7.9354426907741376,
      7.895448792967526,
      8.369654218910673,
      8.305902084398543,
      22.21386778567575,
      8.159248973578178,
      8.364670311347279,
      8.555804769258001
    ],
    "Z": [
      28.567901568018605,
      28.567901568018605,
      29.934762400927788,
      28.567901568018605,
      28.567901568018605,
      29.934762400927788,
      88.27600183515337,
      29.934762400927788,
      28.567901568018605,
      28.567901568018605
    ]
  }
}