{
  "obj_scale": {
    "X": [
      0.8203767538070679,
      0.8225477337837219,
      0.8204102516174316,
      0.8227138519287109,
      0.8234161734580994,
      0.8169088363647461,
      0.8231733441352844,
      0.7997829914093018,
      0.821277379989624,
      0.8188115358352661
    ],
    "Y": [
      1.0033445358276367,
      1.0032672882080078,
      1.003133773803711,
      1.003147006034851,
      1.0032320022583008,
      1.0031001567840576,
      1.0032250881195068,
      1.002993106842041,
      1.0029962062835693,
      1.0031460523605347
    ],
    "Z": [
      1.1747643947601318,
      1.163087248802185,
      1.1831308603286743,
      1.1758016347885132,
      1.1794283390045166,
      1.1714731454849243,
      1.1819573640823364,
      1.1515393257141113,
      1.1763956546783447,
      1.1711496114730835
    ]
  },
  "length": {
    "X": [
      20.641281452468014,
      21.912781658201222,
      21.912781658201222,
      21.912781658201222,
      21.912781658201222,
      22.674214429611446,
      21.912781658201222,
      22.674214429611446,
      22.674214429611446,
      22.674214429611446
    ],
    "Y": [
      25.16073420739848,
      26.64013376755944,
      26.709541494636817,
      26.634754728913922,
      26.612036980247975,
      27.756113559148126,
      26.619887310879648,
      28.35045840329399,
      27.608473071421876,
      27.691615759274296
    ],
    "Z": [
      19.361043360315062,
      17.86036113856604,
      17.86036113856604,
      17.86036113856604,
      17.86036113856604,
      17.86036113856604,
      17.86036113856604,
      17.86036113856604,
      17.86036113856604,
      17.86036113856604
    ]
  }
}