{
  "obj_scale": {
    "X": [
      2.336817502975464,
      2.144428253173828,
      2.1345837116241455,
      2.195324182510376,
      2.1867222785949707,
      2.092210292816162,
      2.1672935485839844,
      2.209455966949463,
      2.1264877319335938,
      2.2392096519470215
    ],
    "Y": [
      1.0066324472427368,
      1.0071853399276733,
      1.006692886352539,
      1.0066074132919312,
      1.0059723854064941,
      1.0062941312789917,
      1.0053811073303223,
      1.0062222480773926,
      1.0067226886749268,
      1.0056681632995605
    ],
    "Z": [
      2.694687604904175,
      2.549450635910034,
      2.510580062866211,
      2.5781710147857666,
      2.54135799407959,
      2.497779607772827,
      2.547407627105713,
      2.5734739303588867,
      2.541841506958008,
      2.577355146408081
    ]
  },
  "length": {
    "X": [
      13.333604163916073,
      13.333604163916073,
      13.333604163916073,
      13.333604163916073,
      13.333604163916073,
      13.333604163916073,
      13.333604163916073,
      13.333604163916073,
      13.333604163916073,
      13.333604163916073
    ],
    "Y": [
      5.705881673232261,
      6.217789820751465,
      6.246465805630506,
      6.073637902839916,
      6.097529756948963,
      6.372975130510778,
      6.152191138402858,
      6.0347906287199855,
      6.270247396062785,
      5.954602844946802
    ],
    "Z": [
      26.8710345911727,
      27.639328863053095,
      26.8710345911727,
      26.359296272852202,
      26.359296272852202,
      26.8710345911727,
      27.639328863053095,
      27.639328863053095,
      27.639328863053095,
      26.359296272852202
    ]
  }
}