{
  "obj_scale": {
    "X": [
      3.808356285095215,
      3.8418493270874023,
      3.8016867637634277,
      3.8767595291137695,
      3.8370094299316406,
      3.8276748657226562,
      3.9622702598571777,
      3.9472217559814453,
      4.006186485290527,
      3.856962203979492
    ],
    "Y": [
      1.000296950340271,
      1.000597596168518,
      0.9992890357971191,
      1.0001859664916992,
      0.9982935190200806,
      1.0001323223114014,
      0.999731183052063,
      0.9993143081665039,
      0.9983938932418823,
      1.0000696182250977
    ],
    "Z": [
      3.269354820251465,
      3.2527918815612793,
      3.2364859580993652,
      3.321587562561035,
      3.245171070098877,
      3.2633554935455322,
      3.3506369590759277,
      3.327908992767334,
      3.332888126373291,
      3.2697806358337402
    ]
  },
  "length": {
    "X": [
      24.950450897729283,
      25.400196849630913,
      24.950801590329718,
      24.950000000000003,
      25.36597130014934,
      25.15004970174015,
      25.301235147715616,
      25.05079839047051,
      25.403149411047444,
      25.103187048659777
    ],
    "Y": [
      6.551501233058998,
      6.611450550791748,
      6.563087161244714,
      6.435787366389371,
      6.61087020070244,
      6.570581510713523,
      6.385539977938712,
      6.346438061786024,
      6.340980257489241,
      6.508538513226575
    ],
    "Z": [
      25.33658422124024,
      25.33658422124024,
      25.33658422124024,
      25.33658422124024,
      25.33658422124024,
      25.33658422124024,
      25.33658422124024,
      25.33658422124024,
      25.33658422124024,
      25.33658422124024
    ]
  }
}