{
  "obj_scale": {
    "X": [
      1.6145068407058716,
      1.6733940839767456,
      1.6909252405166626,
      1.6409882307052612,
      1.6056081056594849,
      1.6306740045547485,
      1.6163040399551392,
      1.6278183460235596,
      1.610566258430481,
      1.655390739440918
    ],
    "Y": [
      1.0003782510757446,
      0.9994488954544067,
      0.9989951848983765,
      0.9999537467956543,
      0.9998164176940918,
      0.9996651411056519,
      1.0002673864364624,
      0.9999550580978394,
      1.0000438690185547,
      0.999538779258728
    ],
    "Z": [
      0.982772171497345,
      1.0108786821365356,
      1.0190190076828003,
      1.0073491334915161,
      0.9986345767974854,
      1.0079598426818848,
      0.9934858679771423,
      1.0150161981582642,
      0.9867928624153137,
      1.0137091875076294
    ]
  },
  "length": {
    "X": [
      18.615114826398464,
      18.569464181822802,
      18.46733602878336,
      18.421997720117112,
      18.313383084509535,
      18.413310403075272,
      18.6113540614325,
      18.409780009549273,
      18.3720575875431,
      18.517289218457435
    ],
    "Y": [
      11.529907682682738,
      11.096886477388104,
      10.92143850377481,
      11.226160782518066,
      11.405886044021637,
      11.29184027686943,
      11.51476059043264,
      11.309480602992803,
      11.40720382745813,
      11.186053405561129
    ],
    "Z": [
      7.63053078101386,
      8.197865575867905,
      8.148772913758242,
      8.345208205910742,
      8.35463942968217,
      8.305570419904944,
      7.641498544133865,
      8.23771813064759,
      8.345208205910742,
      8.23771813064759
    ]
  }
}