{
  "obj_scale": {
    "X": [
      0.7133614420890808,
      0.725873589515686,
      0.7138417959213257,
      0.7218068838119507,
      0.7145220637321472,
      0.7021238803863525,
      0.712665855884552,
      0.7050968408584595,
      0.7122241258621216,
      0.6970384120941162
    ],
    "Y": [
      0.9992033243179321,
      0.9996154308319092,
      0.998970627784729,
      0.9996688365936279,
      0.999276876449585,
      0.9993385076522827,
      0.9998215436935425,
      0.9995516538619995,
      0.9992020130157471,
      0.9994039535522461
    ],
    "Z": [
      0.6803191304206848,
      0.7156932353973389,
      0.6832536458969116,
      0.7205193638801575,
      0.6902846693992615,
      0.6745940446853638,
      0.7070892453193665,
      0.6908678412437439,
      0.6927115321159363,
      0.6667389273643494
    ]
  },
  "length": {
    "X": [
      26.617663308412332,
      27.96180430515885,
      28.893987263788983,
      27.989730259507684,
      28.841853269164236,
      27.87799311284799,
      26.551176998393125,
      27.741665415039524,
      27.885659396901485,
      26.460631133818406
    ],
    "Y": [
      37.313010961823835,
      38.521589308429576,
      40.47673788349241,
      38.77731133802782,
      40.36523815445982,
      39.70523420668696,
      37.256137331622455,
      39.34447554929318,
      39.15292726590369,
      37.96151069253499
    ],
    "Z": [
      18.70193840220847,
      17.584083712266615,
      17.584083712266615,
      17.584083712266615,
      17.584083712266615,
      17.584083712266615,
      18.70193840220847,
      19.440164608356586,
      19.440164608356586,
      18.70193840220847
    ]
  }
}