{
  "obj_scale": {
    "X": [
      2.5342841148376465,
      2.6738007068634033,
      2.7197701930999756,
      2.667052745819092,
      2.6863903999328613,
      2.6768555641174316,
      2.7136192321777344,
      2.668853282928467,
      2.640953540802002,
      2.7524867057800293
    ],
    "Y": [
      0.9975439310073853,
      0.9960274696350098,
      0.9957293272018433,
      0.9963494539260864,
      0.9960070848464966,
      0.9965934753417969,
      0.9960994720458984,
      0.996330976486206,
      0.9967358112335205,
      0.996304988861084
    ],
    "Z": [
      2.630852222442627,
      2.6791188716888428,
      2.6646790504455566,
      2.669698476791382,
      2.6783623695373535,
      2.674193859100342,
      2.7034053802490234,
      2.685215950012207,
      2.6993184089660645,
      2.7213053703308105
    ]
  },
  "length": {
    "X": [
      25.26999208547561,
      25.26999208547561,
      25.26999208547561,
      25.26999208547561,
      25.26999208547561,
      25.26999208547561,
      25.26999208547561,
      25.26999208547561,
      25.26999208547561,
      25.26999208547561
    ],
    "Y": [
      9.971254579360561,
      9.450963200290074,
      9.29122326201871,
      9.474875262624332,
      9.406671527007825,
      9.440177656282032,
      9.312283678501176,
      9.468483054919929,
      9.568510651573844,
      9.18078624409353
    ],
    "Z": [
      28.97283210181566,
      28.97283210181566,
      28.97283210181566,
      28.97283210181566,
      28.97283210181566,
      28.97283210181566,
      28.97283210181566,
      28.97283210181566,
      28.97283210181566,
      28.97283210181566
    ]
  }
}