{
  "obj_scale": {
    "X": [
      1.5292280912399292,
      1.9107602834701538,
      1.6120340824127197,
      1.7030540704727173,
      1.7637321949005127,
      1.6085566282272339,
      1.5317710638046265,
      1.7916802167892456,
      1.7749664783477783,
      1.7002662420272827
    ],
    "Y": [
      1.0063283443450928,
      1.0053420066833496,
      1.006397008895874,
      1.0065772533416748,
      1.0058919191360474,
      1.0062960386276245,
      1.005922794342041,
      1.0059140920639038,
      1.0058683156967163,
      1.0062108039855957
    ],
    "Z": [
      2.183823823928833,
      2.089769124984741,
      2.074840545654297,
      2.064218521118164,
      2.132432460784912,
      2.174234628677368,
      2.2107529640197754,
      2.066939115524292,
      2.0496861934661865,
      2.137145519256592
    ]
  },
  "length": {
    "X": [
      31.048228612917676,
      31.048228612917676,
      31.048228612917676,
      31.048228612917676,
      31.048228612917676,
      31.048228612917676,
      31.048228612917676,
      31.048228612917676,
      31.048228612917676,
      31.048228612917676
    ],
    "Y": [
      20.303203159015435,
      16.249149033247974,
      19.26028050625829,
      18.230911837285124,
      17.603709170069905,
      19.301918296240192,
      20.269496758738747,
      17.329112819338487,
      17.49229013148396,
      18.260804011434036
    ],
    "Z": [
      20.394423257351505,
      21.094608315870673,
      19.527224585178512,
      21.094608315870673,
      20.394423257351505,
      21.094608315870673,
      21.122736565132843,
      21.094608315870673,
      21.094608315870673,
      20.394423257351505
    ]
  }
}