{
  "obj_scale": {
    "X": [
      0.2902339994907379,
      0.2880549430847168,
      0.28667178750038147,
      0.29450008273124695,
      0.29551300406455994,
      0.2913856506347656,
      0.29760104417800903,
      0.29484209418296814,
      0.28862646222114563,
      0.29261118173599243
    ],
    "Y": [
      0.9962855577468872,
      0.9968783855438232,
      0.9963921308517456,
      0.9960430860519409,
      0.9963418245315552,
      0.9958199262619019,
      0.9966186285018921,
      0.996959924697876,
      0.9969799518585205,
      0.9969336986541748
    ],
    "Z": [
      0.6121429800987244,
      0.6247082352638245,
      0.6077012419700623,
      0.615861713886261,
      0.6147481203079224,
      0.6017041802406311,
      0.62675940990448,
      0.6292945742607117,
      0.6181478500366211,
      0.6292386054992676
    ]
  },
  "length": {
    "X": [
      12.457929201917949,
      12.457929201917949,
      12.457929201917949,
      11.603986383997526,
      12.457929201917949,
      12.457929201917949,
      11.603986383997526,
      12.457929201917949,
      11.603986383997526,
      11.603986383997526
    ],
    "Y": [
      42.92374161461918,
      43.248447912432034,
      43.45711627413413,
      39.40231960677247,
      42.15695766537671,
      42.75409298563303,
      38.99175292226677,
      42.252885350173294,
      40.20416664050211,
      39.656674482341515
    ],
    "Z": [
      12.529964086141668,
      12.529964086141668,
      12.324873224500122,
      12.886038956948717,
      11.148542505637229,
      12.487794040582187,
      11.851687643538366,
      11.148542505637229,
      13.043197460745583,
      11.851687643538366
    ]
  }
}