{
  "obj_scale": {
    "X": [
      1.5345686674118042,
      1.610510230064392,
      1.6119145154953003,
      1.6352359056472778,
      1.5555654764175415,
      1.5619585514068604,
      1.6517421007156372,
      1.601120114326477,
      1.5851836204528809,
      1.556109070777893
    ],
    "Y": [
      1.0019893646240234,
      1.0014338493347168,
      1.0012222528457642,
      1.001295566558838,
      1.0024272203445435,
      1.0014562606811523,
      1.000756025314331,
      1.0012210607528687,
      1.0015252828598022,
      1.002284288406372
    ],
    "Z": [
      1.0145312547683716,
      1.0307977199554443,
      1.00532066822052,
      1.0315520763397217,
      1.02457857131958,
      1.007552981376648,
      1.0324574708938599,
      1.0396591424942017,
      1.0090850591659546,
      1.0069435834884644
    ]
  },
  "length": {
    "X": [
      17.92344832893492,
      17.366202808904426,
      17.92344832893492,
      17.92344832893492,
      17.366202808904426,
      17.366202808904426,
      17.92344832893492,
      17.366202808904426,
      17.92344832893492,
      17.92344832893492
    ],
    "Y": [
      11.679795573543489,
      10.78304408424036,
      11.119354132391756,
      10.96077224517661,
      11.163916319934467,
      11.11822256311644,
      10.851239016774695,
      10.846283582046963,
      11.306859405861298,
      11.518118276873135
    ],
    "Z": [
      6.110032733136542,
      7.473285756613351,
      6.110032733136542,
      6.110032733136542,
      7.492829905983452,
      7.492829905983452,
      6.110032733136542,
      7.492829905983452,
      6.110032733136542,
      6.060115510450275
    ]
  }
}