{
  "obj_scale": {
    "X": [
      0.7905519008636475,
      0.7968622446060181,
      0.7892433404922485,
      0.8038926124572754,
      0.7941521406173706,
      0.7913308143615723,
      0.8080028295516968,
      0.8006423711776733,
      0.7989720106124878,
      0.8015159964561462
    ],
    "Y": [
      1.0080350637435913,
      1.0080515146255493,
      1.008130431175232,
      1.0078141689300537,
      1.0080283880233765,
      1.008124589920044,
      1.0078121423721313,
      1.0079606771469116,
      1.0079485177993774,
      1.0078595876693726
    ],
    "Z": [
      0.9589532017707825,
      0.9476456046104431,
      0.9525639414787292,
      0.9517585635185242,
      0.9564638733863831,
      0.9444740414619446,
      0.9630917906761169,
      0.9546890258789062,
      0.950388491153717,
      0.9541921615600586
    ]
  },
  "length": {
    "X": [
      20.28244999446018,
      20.309822473101256,
      19.17509959412061,
      20.223748416156685,
      20.192187708231234,
      20.25547936841892,
      19.146685236759794,
      20.192187708231234,
      20.250980771859474,
      20.278614899006843
    ],
    "Y": [
      15.887120402841454,
      15.896242368106998,
      15.733176376101026,
      15.68917528158298,
      15.788007545571414,
      15.904349391110298,
      15.409027907274005,
      15.69066864444091,
      15.79645118367324,
      15.829884349408324
    ],
    "Z": [
      5.8670454423178136,
      5.975133657268448,
      6.830649879607194,
      5.920960882979871,
      5.882176467941097,
      5.8670454423178136,
      6.858895278719777,
      5.882176467941097,
      5.936703162904849,
      6.068131691239258
    ]
  }
}