{
  "obj_scale": {
    "X": [
      3.733914375305176,
      3.6416006088256836,
      3.710808753967285,
      3.7626540660858154,
      3.6190929412841797,
      3.764616012573242,
      3.600550651550293,
      3.691112995147705,
      3.5456581115722656,
      3.6760666370391846
    ],
    "Y": [
      1.0148075819015503,
      1.0141042470932007,
      1.0147120952606201,
      1.0155467987060547,
      1.016074538230896,
      1.0142358541488647,
      1.0133271217346191,
      1.0144270658493042,
      1.0141476392745972,
      1.0145354270935059
    ],
    "Z": [
      3.409691333770752,
      3.370302200317383,
      3.394545078277588,
      3.421778440475464,
      3.3888792991638184,
      3.3884522914886475,
      3.384737014770508,
      3.3949131965637207,
      3.402411937713623,
      3.397019386291504
    ]
  },
  "length": {
    "X": [
      18.93826226922042,
      16.933070864107577,
      18.36905610591416,
      19.05372521173863,
      18.45366570028236,
      18.82976367350371,
      15.9894409602782,
      18.23939570149065,
      15.562062131278676,
      17.689293686043854
    ],
    "Y": [
      7.162068906503052,
      5.472880923956684,
      5.66733022310491,
      5.708062825012174,
      5.784351353829616,
      5.714565342684605,
      5.323218148189274,
      5.625319936327598,
      5.3127476604073,
      5.555583859201615
    ],
    "Z": [
      31.547072412155423,
      21.21896426417756,
      21.67251203201368,
      21.735889420239715,
      21.925125110500762,
      21.77878682469608,
      21.004338176248787,
      21.419202184540445,
      21.21896426417756,
      21.39833846093871
    ]
  }
}