{
  "obj_scale": {
    "X": [
      2.414008140563965,
      2.38366961479187,
      2.424166202545166,
      2.416735887527466,
      2.41157865524292,
      2.3941657543182373,
      2.452495813369751,
      2.307648181915283,
      2.4909963607788086,
      2.3452112674713135
    ],
    "Y": [
      0.9958988428115845,
      0.9961706399917603,
      0.9955215454101562,
      0.9958717823028564,
      0.9959187507629395,
      0.9963511228561401,
      0.9955328702926636,
      0.9969806671142578,
      0.9955493211746216,
      0.9967082738876343
    ],
    "Z": [
      1.7852096557617188,
      1.7739192247390747,
      1.7819265127182007,
      1.778549075126648,
      1.7753554582595825,
      1.7824102640151978,
      1.7947815656661987,
      1.740234375,
      1.8304643630981445,
      1.7579368352890015
    ]
  },
  "length": {
    "X": [
      25.668051910670762,
      25.29962669904659,
      25.207582633450244,
      25.611108700891666,
      25.29962669904659,
      25.207582633450244,
      25.391687178637376,
      25.72504184209965,
      25.391687178637376,
      25.263852085978936
    ],
    "Y": [
      8.440056675670633,
      8.59911570717528,
      8.313258096899464,
      8.444765357600037,
      8.391073833027775,
      8.392859552530243,
      8.33099926382447,
      8.782974673943077,
      8.200149583788061,
      8.53189319180206
    ],
    "Z": [
      11.152478548635624,
      11.68037290120102,
      11.0979477582319,
      11.190869294007303,
      11.169203691898144,
      11.152478548635624,
      11.322543883774529,
      11.169203691898144,
      11.361533542812097,
      11.059636321125371
    ]
  }
}