{
  "obj_scale": {
    "X": [
      2.539302110671997,
      2.674039363861084,
      2.4780101776123047,
      2.706515312194824,
      2.7070393562316895,
      2.5795063972473145,
      2.5860846042633057,
      2.632755994796753,
      2.5067203044891357,
      2.6796979904174805
    ],
    "Y": [
      1.008461833000183,
      1.007961630821228,
      1.008946180343628,
      1.007828712463379,
      1.007999300956726,
      1.0078938007354736,
      1.0078999996185303,
      1.007822871208191,
      1.0086950063705444,
      1.007714033126831
    ],
    "Z": [
      2.7923622131347656,
      2.849850654602051,
      2.7747068405151367,
      2.845755100250244,
      2.8672873973846436,
      2.810957431793213,
      2.809818983078003,
      2.852656126022339,
      2.8146543502807617,
      2.8700194358825684
    ]
  },
  "length": {
    "X": [
      18.576209396848313,
      18.576209396848313,
      18.576209396848313,
      18.576209396848313,
      18.576209396848313,
      18.576209396848313,
      18.516179111492978,
      18.391906432510527,
      20.011108026404848,
      18.576209396848313
    ],
    "Y": [
      7.1224845360948805,
      6.795021011144991,
      7.192022790022445,
      6.862990386216174,
      6.763709552743046,
      7.000129390749844,
      6.970109789041409,
      6.8272270555164845,
      7.658166740507648,
      6.795545124293254
    ],
    "Z": [
      19.34964828850615,
      18.932042209498217,
      19.111136950886923,
      19.528895969249717,
      19.111136950886923,
      19.111136950886923,
      19.0513924833739,
      19.0233774311737,
      20.640844082654286,
      19.111136950886923
    ]
  }
}