{
  "obj_scale": {
    "X": [
      0.6853461265563965,
      0.6909650564193726,
      0.6876571178436279,
      0.6831432580947876,
      0.6826688647270203,
      0.680248498916626,
      0.6886679530143738,
      0.6867750883102417,
      0.691657304763794,
      0.6974043846130371
    ],
    "Y": [
      0.9957305192947388,
      0.995710015296936,
      0.9958159923553467,
      0.9957088232040405,
      0.9958209991455078,
      0.9960061311721802,
      0.9955508708953857,
      0.9958550930023193,
      0.9959838390350342,
      0.9957946538925171
    ],
    "Z": [
      1.1091114282608032,
      1.108271598815918,
      1.115532636642456,
      1.1119204759597778,
      1.1076059341430664,
      1.0983320474624634,
      1.105832576751709,
      1.1106358766555786,
      1.1126691102981567,
      1.1214855909347534
    ]
  },
  "length": {
    "X": [
      17.59558025313301,
      17.564863917618162,
      17.60618578164441,
      16.80211626882492,
      16.856123186809263,
      17.60618578164441,
      17.55398023874421,
      17.564863917618162,
      16.76305461424021,
      18.053377646425183
    ],
    "Y": [
      18.513487437869085,
      18.32445540849825,
      18.40393922769828,
      17.885263264369083,
      17.9715756863601,
      18.63109844386035,
      18.41316399262319,
      18.390049592229214,
      17.709917100696188,
      18.458686132193087
    ],
    "Z": [
      12.591708029934267,
      12.443829349878152,
      12.499244421608497,
      12.42595849198139,
      12.46238785751395,
      12.499244421608497,
      12.536347155371853,
      12.443829349878152,
      12.443829349878152,
      12.370933675353692
    ]
  }
}