{
  "obj_scale": {
    "X": [
      0.865291178226471,
      0.8735528588294983,
      0.8574714064598083,
      0.8456509113311768,
      0.8878164291381836,
      0.8805160522460938,
      0.8493070602416992,
      0.8268719911575317,
      0.8853694200515747,
      0.8737039566040039
    ],
    "Y": [
      1.0100862979888916,
      1.0097085237503052,
      1.0098521709442139,
      1.0099743604660034,
      1.0099588632583618,
      1.0101184844970703,
      1.0099676847457886,
      1.0099003314971924,
      1.0100804567337036,
      1.0097532272338867
    ],
    "Z": [
      1.1147316694259644,
      1.1374324560165405,
      1.1276370286941528,
      1.1147288084030151,
      1.17353355884552,
      1.1491929292678833,
      1.1294034719467163,
      1.0924760103225708,
      1.135699987411499,
      1.1358548402786255
    ]
  },
  "length": {
    "X": [
      17.561827290398277,
      17.632293605137644,
      17.415446528234003,
      17.425013948663317,
      17.421570282586785,
      18.771728151072764,
      17.2955999542594,
      17.694945919982665,
      18.49744727132789,
      18.501411357575456
    ],
    "Y": [
      13.790277377899939,
      13.69105531591245,
      13.785146882296045,
      13.974786429250425,
      13.271313103023719,
      14.19607858570596,
      13.806534473130718,
      14.38617197309123,
      14.021274523482838,
      14.166021945351002
    ],
    "Z": [
      8.120481649645065,
      8.186710097604667,
      8.186710097604667,
      8.186710097604667,
      8.120481649645065,
      8.128413812738074,
      8.186710097604667,
      8.054260432287442,
      8.120481649645065,
      8.128413812738074
    ]
  }
}