{
  "obj_scale": {
    "X": [
      1.0329514741897583,
      1.042791485786438,
      1.0696827173233032,
      1.0681681632995605,
      1.0551894903182983,
      1.0494328737258911,
      1.0794087648391724,
      1.0547960996627808,
      1.058344841003418,
      1.0940076112747192
    ],
    "Y": [
      0.9986577033996582,
      0.9988263845443726,
      0.9986094236373901,
      0.9988085031509399,
      0.9986340999603271,
      0.9986138343811035,
      0.9988158941268921,
      0.9986519813537598,
      0.9987310171127319,
      0.9983310699462891
    ],
    "Z": [
      0.9634780287742615,
      0.9728537201881409,
      0.9818652272224426,
      0.9916738867759705,
      0.9819914698600769,
      0.9925830960273743,
      0.9988312125205994,
      0.9937001466751099,
      0.9935662150382996,
      1.0075072050094604
    ]
  },
  "length": {
    "X": [
      23.07639486574972,
      22.540531394702203,
      22.511725339870722,
      22.630264887731407,
      22.008079324547055,
      22.450835173774713,
      23.165683432372308,
      22.956964568997844,
      23.165683432372308,
      23.10603576749783
    ],
    "Y": [
      16.190012151312743,
      15.9259012371522,
      15.249336872528328,
      15.584104637241115,
      15.804729273291574,
      15.653328752295764,
      15.616898670912086,
      15.71552319150735,
      15.50130976849807,
      15.330475795698034
    ],
    "Z": [
      9.673101306659044,
      9.958357740555865,
      9.282001699825072,
      9.899045969744313,
      10.558829901503712,
      9.83982836345341,
      9.760919810937674,
      9.605785293827418,
      9.055385138137416,
      9.612029500116565
    ]
  }
}