{
  "obj_scale": {
    "X": [
      1.994849443435669,
      2.0701916217803955,
      1.9472707509994507,
      2.0915443897247314,
      1.905676245689392,
      1.929381012916565,
      2.0104939937591553,
      1.908922553062439,
      1.9519866704940796,
      1.9148329496383667
    ],
    "Y": [
      1.0199642181396484,
      1.019993782043457,
      1.020247459411621,
      1.0204707384109497,
      1.0203827619552612,
      1.0203591585159302,
      1.0203970670700073,
      1.019676923751831,
      1.0188190937042236,
      1.020856499671936
    ],
    "Z": [
      2.8007161617279053,
      2.8515872955322266,
      2.7662527561187744,
      2.8554494380950928,
      2.7630419731140137,
      2.7863378524780273,
      2.8422155380249023,
      2.807138681411743,
      2.787829637527466,
      2.7959036827087402
    ]
  },
  "length": {
    "X": [
      10.593499054713803,
      12.265579661982732,
      10.71841613506606,
      10.758355925615318,
      10.890362712049585,
      10.701817083509178,
      11.934078189044273,
      12.35079844472503,
      10.624290826006014,
      10.186265262597473
    ],
    "Y": [
      6.90084084475601,
      7.134099606256303,
      7.233028802542297,
      6.9184575877919485,
      7.239951909407074,
      7.044822956267714,
      7.171493054887444,
      7.467536008548491,
      7.072472501884951,
      7.059641409562483
    ],
    "Z": [
      23.78159886223894,
      23.791781961191745,
      24.790410332312867,
      24.82292846901384,
      24.218633781083156,
      23.80336110720501,
      23.89476930208785,
      23.76252885906249,
      24.260072364094693,
      24.602890525753725
    ]
  }
}