{
  "obj_scale": {
    "X": [
      0.29185858368873596,
      0.27565404772758484,
      0.2844197452068329,
      0.2757164239883423,
      0.2847735285758972,
      0.2748458683490753,
      0.2860780656337738,
      0.2806665599346161,
      0.2809406816959381,
      0.28254052996635437
    ],
    "Y": [
      0.9953155517578125,
      0.9941099882125854,
      0.994544267654419,
      0.9939557313919067,
      0.9953334331512451,
      0.994378924369812,
      0.9947131872177124,
      0.9944068193435669,
      0.9942362308502197,
      0.9943956136703491
    ],
    "Z": [
      0.578261137008667,
      0.561452329158783,
      0.5767481327056885,
      0.5600466132164001,
      0.5801126956939697,
      0.5721107125282288,
      0.5776225328445435,
      0.5741258263587952,
      0.5714676380157471,
      0.5721325874328613
    ]
  },
  "length": {
    "X": [
      11.560084582543311,
      10.80102875758704,
      10.8176810002062,
      11.794160513670409,
      11.56873180411559,
      10.784762913996353,
      11.780398031381528,
      10.80102875758704,
      11.794160513670409,
      11.728976463821935
    ],
    "Y": [
      24.404962358647836,
      25.56767757020321,
      24.909393366263163,
      26.946772124718375,
      24.939037684288802,
      25.484362383748188,
      25.853560190446608,
      25.085866723245005,
      26.311256406018735,
      26.083940357862645
    ],
    "Z": [
      5.320818650462644,
      6.710522417152864,
      6.796731240497564,
      6.226109896592289,
      5.368219237119305,
      6.710522417152864,
      6.08130103038998,
      6.710522417152864,
      6.08130103038998,
      6.096264794482311
    ]
  }
}