{
  "obj_scale": {
    "X": [
      3.5539743900299072,
      3.6757445335388184,
      3.4870314598083496,
      3.588545322418213,
      3.514012575149536,
      3.9667787551879883,
      3.6514220237731934,
      3.5803871154785156,
      3.659012794494629,
      3.7153406143188477
    ],
    "Y": [
      1.0184991359710693,
      1.0171122550964355,
      1.0188524723052979,
      1.0184952020645142,
      1.019936203956604,
      1.0171725749969482,
      1.0178439617156982,
      1.018923282623291,
      1.0180048942565918,
      1.017625331878662
    ],
    "Z": [
      3.4233994483947754,
      3.488434314727783,
      3.370723247528076,
      3.457514762878418,
      3.42740535736084,
      3.678042411804199,
      3.494600772857666,
      3.4530348777770996,
      3.4771692752838135,
      3.5158276557922363
    ]
  },
  "length": {
    "X": [
      23.304458324058466,
      25.203879771883443,
      23.53824311389635,
      24.066759002592953,
      23.53824311389635,
      23.53824311389635,
      23.783561082768443,
      23.304458324058466,
      23.50640574633032,
      23.53824311389635
    ],
    "Y": [
      6.6123699066522335,
      6.8682504552832535,
      6.903502693590523,
      6.765885935785596,
      6.921274719368823,
      6.2533304070492015,
      6.747084132471515,
      6.562643502719231,
      6.701605120484331,
      6.550477816365262
    ],
    "Z": [
      22.825327063495838,
      23.999351843099618,
      23.786457398182595,
      23.598305023878304,
      24.485914318236105,
      24.175101976114924,
      24.39462600200663,
      22.846541192146447,
      24.267032964268395,
      23.786457398182595
    ]
  }
}